node,tileidx,ratioidx,c_o,dim,tilestart,tilecurrent,domainx,domainy,partx,party,time
1,0,0,o,1,1000000,1000000,1000,1000,2,2,0.029
1,0,0,c,1,1000000,1000000,1000,1000,2,2,0.028
1,0,1,o,1,1000000,1000000,707,1415,1,4,0.025
1,0,1,c,1,1000000,1000000,707,1415,2,2,0.029
1,0,2,o,1,1000000,1000000,500,2000,1,4,0.025
1,0,2,c,1,1000000,1000000,500,2000,2,2,0.028
1,0,3,o,1,1000000,1000000,353,2829,1,4,0.025
1,0,3,c,1,1000000,1000000,353,2829,2,2,0.029
1,0,4,o,1,1000000,1000000,250,4000,1,4,0.025
1,0,4,c,1,1000000,1000000,250,4000,2,2,0.028
1,0,5,o,1,1000000,1000000,176,5657,1,4,0.025
1,0,5,c,1,1000000,1000000,176,5657,2,2,0.028
1,0,6,o,1,1000000,1000000,125,8000,1,4,0.025
1,0,6,c,1,1000000,1000000,125,8000,2,2,0.029
1,0,7,o,1,1000000,1000000,88,11314,1,4,0.025
1,0,7,c,1,1000000,1000000,88,11314,2,2,0.029
1,0,8,o,1,1000000,1000000,62,16000,1,4,0.025
1,0,8,c,1,1000000,1000000,62,16000,2,2,0.029
1,0,9,o,1,1000000,1000000,44,22628,1,4,0.025
1,0,9,c,1,1000000,1000000,44,22628,2,2,0.0285
1,1,0,o,1,25000000,25000000,5000,5000,2,2,0.033
1,1,0,c,1,25000000,25000000,5000,5000,2,2,0.033
1,1,1,o,1,25000000,25000000,3535,7072,1,4,0.031
1,1,1,c,1,25000000,25000000,3535,7072,2,2,0.033
1,1,2,o,1,25000000,25000000,2500,10000,1,4,0.031
1,1,2,c,1,25000000,25000000,2500,10000,2,2,0.033
1,1,3,o,1,25000000,25000000,1767,14143,1,4,0.031
1,1,3,c,1,25000000,25000000,1767,14143,2,2,0.033
1,1,4,o,1,25000000,25000000,1250,20000,1,4,0.031
1,1,4,c,1,25000000,25000000,1250,20000,2,2,0.033
1,1,5,o,1,25000000,25000000,883,28285,1,4,0.031
1,1,5,c,1,25000000,25000000,883,28285,2,2,0.033
1,1,6,o,1,25000000,25000000,625,40000,1,4,0.031
1,1,6,c,1,25000000,25000000,625,40000,2,2,0.0335
1,1,7,o,1,25000000,25000000,441,56569,1,4,0.031
1,1,7,c,1,25000000,25000000,441,56569,2,2,0.034
1,1,8,o,1,25000000,25000000,312,80000,1,4,0.031
1,1,8,c,1,25000000,25000000,312,80000,2,2,0.034
1,1,9,o,1,25000000,25000000,220,113138,1,4,0.031
1,1,9,c,1,25000000,25000000,220,113138,2,2,0.034
1,2,0,o,1,100000000,100000000,10000,10000,2,2,0.08
1,2,0,c,1,100000000,100000000,10000,10000,2,2,0.08
1,2,1,o,1,100000000,100000000,7071,14143,1,4,0.079
1,2,1,c,1,100000000,100000000,7071,14143,2,2,0.0805
1,2,2,o,1,100000000,100000000,5000,20000,1,4,0.079
1,2,2,c,1,100000000,100000000,5000,20000,2,2,0.081
1,2,3,o,1,100000000,100000000,3535,28285,1,4,0.078
1,2,3,c,1,100000000,100000000,3535,28285,2,2,0.08
1,2,4,o,1,100000000,100000000,2500,40000,1,4,0.0785
1,2,4,c,1,100000000,100000000,2500,40000,2,2,0.0805
1,2,5,o,1,100000000,100000000,1767,56569,1,4,0.079
1,2,5,c,1,100000000,100000000,1767,56569,2,2,0.081
1,2,6,o,1,100000000,100000000,1250,80000,1,4,0.079
1,2,6,c,1,100000000,100000000,1250,80000,2,2,0.082
1,2,7,o,1,100000000,100000000,883,113138,1,4,0.079
1,2,7,c,1,100000000,100000000,883,113138,2,2,0.083
1,2,8,o,1,100000000,100000000,625,160000,1,4,0.079
1,2,8,c,1,100000000,100000000,625,160000,2,2,0.0845
1,2,9,o,1,100000000,100000000,441,226275,1,4,0.078
1,2,9,c,1,100000000,100000000,441,226275,2,2,0.088
1,3,0,o,1,200000000,200000000,14142,14143,2,2,0.147
1,3,0,c,1,200000000,200000000,14142,14143,2,2,0.147
1,3,1,o,1,200000000,200000000,10000,20000,1,4,0.145
1,3,1,c,1,200000000,200000000,10000,20000,2,2,0.147
1,3,2,o,1,200000000,200000000,7071,28285,1,4,0.145
1,3,2,c,1,200000000,200000000,7071,28285,2,2,0.147
1,3,3,o,1,200000000,200000000,5000,40000,1,4,0.146
1,3,3,c,1,200000000,200000000,5000,40000,2,2,0.147
1,3,4,o,1,200000000,200000000,3535,56569,1,4,0.145
1,3,4,c,1,200000000,200000000,3535,56569,2,2,0.1475
1,3,5,o,1,200000000,200000000,2500,80000,1,4,0.1455
1,3,5,c,1,200000000,200000000,2500,80000,2,2,0.148
1,3,6,o,1,200000000,200000000,1767,113138,1,4,0.144
1,3,6,c,1,200000000,200000000,1767,113138,2,2,0.149
1,3,7,o,1,200000000,200000000,1250,160000,1,4,0.146
1,3,7,c,1,200000000,200000000,1250,160000,2,2,0.152
1,3,8,o,1,200000000,200000000,883,226275,1,4,0.145
1,3,8,c,1,200000000,200000000,883,226275,2,2,0.154
1,3,9,o,1,200000000,200000000,625,320000,1,4,0.145
1,3,9,c,1,200000000,200000000,625,320000,2,2,0.159
1,4,0,o,1,300000000,300000000,17320,17321,2,2,0.214
1,4,0,c,1,300000000,300000000,17320,17321,2,2,0.214
1,4,1,o,1,300000000,300000000,12247,24495,1,4,0.212
1,4,1,c,1,300000000,300000000,12247,24495,2,2,0.214
1,4,2,o,1,300000000,300000000,8660,34642,1,4,0.213
1,4,2,c,1,300000000,300000000,8660,34642,2,2,0.215
1,4,3,o,1,300000000,300000000,6123,48990,1,4,0.212
1,4,3,c,1,300000000,300000000,6123,48990,2,2,0.215
1,4,4,o,1,300000000,300000000,4330,69283,1,4,0.214
1,4,4,c,1,300000000,300000000,4330,69283,2,2,0.217
1,4,5,o,1,300000000,300000000,3061,97980,1,4,0.212
1,4,5,c,1,300000000,300000000,3061,97980,2,2,0.216
1,4,6,o,1,300000000,300000000,2165,138565,1,4,0.213
1,4,6,c,1,300000000,300000000,2165,138565,2,2,0.218
1,4,7,o,1,300000000,300000000,1530,195960,1,4,0.213
1,4,7,c,1,300000000,300000000,1530,195960,2,2,0.22
1,4,8,o,1,300000000,300000000,1082,277129,1,4,0.213
1,4,8,c,1,300000000,300000000,1082,277129,2,2,0.224
1,4,9,o,1,300000000,300000000,765,391919,1,4,0.2115
1,4,9,c,1,300000000,300000000,765,391919,2,2,0.229
1,5,0,o,1,400000000,400000000,20000,20000,2,2,0.279
1,5,0,c,1,400000000,400000000,20000,20000,2,2,0.279
1,5,1,o,1,400000000,400000000,14142,28285,1,4,0.279
1,5,1,c,1,400000000,400000000,14142,28285,2,2,0.28
1,5,2,o,1,400000000,400000000,10000,40000,1,4,0.278
1,5,2,c,1,400000000,400000000,10000,40000,2,2,0.2805
1,5,3,o,1,400000000,400000000,7071,56569,1,4,0.278
1,5,3,c,1,400000000,400000000,7071,56569,2,2,0.281
1,5,4,o,1,400000000,400000000,5000,80000,1,4,0.2795
1,5,4,c,1,400000000,400000000,5000,80000,2,2,0.281
1,5,5,o,1,400000000,400000000,3535,113138,1,4,0.278
1,5,5,c,1,400000000,400000000,3535,113138,2,2,0.282
1,5,6,o,1,400000000,400000000,2500,160000,1,4,0.279
1,5,6,c,1,400000000,400000000,2500,160000,2,2,0.284
1,5,7,o,1,400000000,400000000,1767,226275,1,4,0.278
1,5,7,c,1,400000000,400000000,1767,226275,2,2,0.286
1,5,8,o,1,400000000,400000000,1250,320000,1,4,0.28
1,5,8,c,1,400000000,400000000,1250,320000,2,2,0.292
1,5,9,o,1,400000000,400000000,883,452549,1,4,0.279
1,5,9,c,1,400000000,400000000,883,452549,2,2,0.296
2,0,0,o,1,1000000,2000000,1414,1415,2,4,0.048
2,0,0,c,1,1000000,2000000,1414,1415,4,2,0.057
2,0,0,c,2,1000000,2000000,1414,1415,4,2,0.049
2,0,1,o,1,1000000,2000000,1000,2000,2,4,0.048
2,0,1,c,1,1000000,2000000,1000,2000,4,2,0.057
2,0,1,c,2,1000000,2000000,1000,2000,4,2,0.049
2,0,2,o,1,1000000,2000000,707,2829,1,8,0.039
2,0,2,c,1,1000000,2000000,707,2829,4,2,0.057
2,0,2,c,2,1000000,2000000,707,2829,4,2,0.049
2,0,3,o,1,1000000,2000000,500,4000,1,8,0.04
2,0,3,c,1,1000000,2000000,500,4000,4,2,0.057
2,0,3,c,2,1000000,2000000,500,4000,4,2,0.049
2,0,4,o,1,1000000,2000000,353,5657,1,8,0.039
2,0,4,c,1,1000000,2000000,353,5657,4,2,0.057
2,0,4,c,2,1000000,2000000,353,5657,4,2,0.049
2,0,5,o,1,1000000,2000000,250,8000,1,8,0.039
2,0,5,c,1,1000000,2000000,250,8000,4,2,0.057
2,0,5,c,2,1000000,2000000,250,8000,4,2,0.049
2,0,6,o,1,1000000,2000000,176,11314,1,8,0.0395
2,0,6,c,1,1000000,2000000,176,11314,4,2,0.057
2,0,6,c,2,1000000,2000000,176,11314,4,2,0.049
2,0,7,o,1,1000000,2000000,125,16000,1,8,0.039
2,0,7,c,1,1000000,2000000,125,16000,4,2,0.057
2,0,7,c,2,1000000,2000000,125,16000,4,2,0.049
2,0,8,o,1,1000000,2000000,88,22628,1,8,0.039
2,0,8,c,1,1000000,2000000,88,22628,4,2,0.057
2,0,8,c,2,1000000,2000000,88,22628,4,2,0.048
2,0,9,o,1,1000000,2000000,62,32000,1,8,0.039
2,0,9,c,1,1000000,2000000,62,32000,4,2,0.056
2,0,9,c,2,1000000,2000000,62,32000,4,2,0.049
2,1,0,o,1,25000000,50000000,7071,7072,2,4,0.047
2,1,0,c,1,25000000,50000000,7071,7072,4,2,0.056
2,1,0,c,2,25000000,50000000,7071,7072,4,2,0.048
2,1,1,o,1,25000000,50000000,5000,10000,2,4,0.047
2,1,1,c,1,25000000,50000000,5000,10000,4,2,0.056
2,1,1,c,2,25000000,50000000,5000,10000,4,2,0.048
2,1,2,o,1,25000000,50000000,3535,14143,1,8,0.041
2,1,2,c,1,25000000,50000000,3535,14143,4,2,0.056
2,1,2,c,2,25000000,50000000,3535,14143,4,2,0.048
2,1,3,o,1,25000000,50000000,2500,20000,1,8,0.0415
2,1,3,c,1,25000000,50000000,2500,20000,4,2,0.056
2,1,3,c,2,25000000,50000000,2500,20000,4,2,0.05
2,1,4,o,1,25000000,50000000,1767,28285,1,8,0.041
2,1,4,c,1,25000000,50000000,1767,28285,4,2,0.056
2,1,4,c,2,25000000,50000000,1767,28285,4,2,0.052
2,1,5,o,1,25000000,50000000,1250,40000,1,8,0.041
2,1,5,c,1,25000000,50000000,1250,40000,4,2,0.056
2,1,5,c,2,25000000,50000000,1250,40000,4,2,0.055
2,1,6,o,1,25000000,50000000,883,56569,1,8,0.041
2,1,6,c,1,25000000,50000000,883,56569,4,2,0.056
2,1,6,c,2,25000000,50000000,883,56569,4,2,0.06
2,1,7,o,1,25000000,50000000,625,80000,1,8,0.041
2,1,7,c,1,25000000,50000000,625,80000,4,2,0.056
2,1,7,c,2,25000000,50000000,625,80000,4,2,0.067
2,1,8,o,1,25000000,50000000,441,113138,1,8,0.041
2,1,8,c,1,25000000,50000000,441,113138,4,2,0.056
2,1,8,c,2,25000000,50000000,441,113138,4,2,0.075
2,1,9,o,1,25000000,50000000,312,160000,1,8,0.041
2,1,9,c,1,25000000,50000000,312,160000,4,2,0.056
2,1,9,c,2,25000000,50000000,312,160000,4,2,0.0885
2,2,0,o,1,100000000,200000000,14142,14143,2,4,0.095
2,2,0,c,1,100000000,200000000,14142,14143,4,2,0.098
2,2,0,c,2,100000000,200000000,14142,14143,4,2,0.095
2,2,1,o,1,100000000,200000000,10000,20000,2,4,0.094
2,2,1,c,1,100000000,200000000,10000,20000,4,2,0.098
2,2,1,c,2,100000000,200000000,10000,20000,4,2,0.096
2,2,2,o,1,100000000,200000000,7071,28285,1,8,0.089
2,2,2,c,1,100000000,200000000,7071,28285,4,2,0.098
2,2,2,c,2,100000000,200000000,7071,28285,4,2,0.098
2,2,3,o,1,100000000,200000000,5000,40000,1,8,0.089
2,2,3,c,1,100000000,200000000,5000,40000,4,2,0.098
2,2,3,c,2,100000000,200000000,5000,40000,4,2,0.101
2,2,4,o,1,100000000,200000000,3535,56569,1,8,0.0895
2,2,4,c,1,100000000,200000000,3535,56569,4,2,0.099
2,2,4,c,2,100000000,200000000,3535,56569,4,2,0.106
2,2,5,o,1,100000000,200000000,2500,80000,1,8,0.089
2,2,5,c,1,100000000,200000000,2500,80000,4,2,0.1
2,2,5,c,2,100000000,200000000,2500,80000,4,2,0.114
2,2,6,o,1,100000000,200000000,1767,113138,1,8,0.089
2,2,6,c,1,100000000,200000000,1767,113138,4,2,0.1025
2,2,6,c,2,100000000,200000000,1767,113138,4,2,0.123
2,2,7,o,1,100000000,200000000,1250,160000,1,8,0.089
2,2,7,c,1,100000000,200000000,1250,160000,4,2,0.105
2,2,7,c,2,100000000,200000000,1250,160000,4,2,0.137
2,2,8,o,1,100000000,200000000,883,226275,1,8,0.0885
2,2,8,c,1,100000000,200000000,883,226275,4,2,0.108
2,2,8,c,2,100000000,200000000,883,226275,4,2,0.155
2,2,9,o,1,100000000,200000000,625,320000,1,8,0.0885
2,2,9,c,1,100000000,200000000,625,320000,4,2,0.1135
2,2,9,c,2,100000000,200000000,625,320000,4,2,0.18
2,3,0,o,1,200000000,400000000,20000,20000,2,4,0.162
2,3,0,c,1,200000000,400000000,20000,20000,4,2,0.166
2,3,0,c,2,200000000,400000000,20000,20000,4,2,0.163
2,3,1,o,1,200000000,400000000,14142,28285,2,4,0.162
2,3,1,c,1,200000000,400000000,14142,28285,4,2,0.1655
2,3,1,c,2,200000000,400000000,14142,28285,4,2,0.165
2,3,2,o,1,200000000,400000000,10000,40000,1,8,0.157
2,3,2,c,1,200000000,400000000,10000,40000,4,2,0.166
2,3,2,c,2,200000000,400000000,10000,40000,4,2,0.168
2,3,3,o,1,200000000,400000000,7071,56569,1,8,0.157
2,3,3,c,1,200000000,400000000,7071,56569,4,2,0.1655
2,3,3,c,2,200000000,400000000,7071,56569,4,2,0.173
2,3,4,o,1,200000000,400000000,5000,80000,1,8,0.157
2,3,4,c,1,200000000,400000000,5000,80000,4,2,0.167
2,3,4,c,2,200000000,400000000,5000,80000,4,2,0.18
2,3,5,o,1,200000000,400000000,3535,113138,1,8,0.156
2,3,5,c,1,200000000,400000000,3535,113138,4,2,0.168
2,3,5,c,2,200000000,400000000,3535,113138,4,2,0.19
2,3,6,o,1,200000000,400000000,2500,160000,1,8,0.156
2,3,6,c,1,200000000,400000000,2500,160000,4,2,0.1705
2,3,6,c,2,200000000,400000000,2500,160000,4,2,0.2055
2,3,7,o,1,200000000,400000000,1767,226275,1,8,0.155
2,3,7,c,1,200000000,400000000,1767,226275,4,2,0.1735
2,3,7,c,2,200000000,400000000,1767,226275,4,2,0.222
2,3,8,o,1,200000000,400000000,1250,320000,1,8,0.156
2,3,8,c,1,200000000,400000000,1250,320000,4,2,0.1805
2,3,8,c,2,200000000,400000000,1250,320000,4,2,0.2495
2,3,9,o,1,200000000,400000000,883,452549,1,8,0.155
2,3,9,c,1,200000000,400000000,883,452549,4,2,0.192
2,3,9,c,2,200000000,400000000,883,452549,4,2,0.286
2,4,0,o,1,300000000,600000000,24494,24495,2,4,0.23
2,4,0,c,1,300000000,600000000,24494,24495,4,2,0.2335
2,4,0,c,2,300000000,600000000,24494,24495,4,2,0.231
2,4,1,o,1,300000000,600000000,17320,34642,2,4,0.229
2,4,1,c,1,300000000,600000000,17320,34642,4,2,0.234
2,4,1,c,2,300000000,600000000,17320,34642,4,2,0.236
2,4,2,o,1,300000000,600000000,12247,48990,1,8,0.225
2,4,2,c,1,300000000,600000000,12247,48990,4,2,0.233
2,4,2,c,2,300000000,600000000,12247,48990,4,2,0.238
2,4,3,o,1,300000000,600000000,8660,69283,1,8,0.224
2,4,3,c,1,300000000,600000000,8660,69283,4,2,0.235
2,4,3,c,2,300000000,600000000,8660,69283,4,2,0.244
2,4,4,o,1,300000000,600000000,6123,97980,1,8,0.224
2,4,4,c,1,300000000,600000000,6123,97980,4,2,0.234
2,4,4,c,2,300000000,600000000,6123,97980,4,2,0.253
2,4,5,o,1,300000000,600000000,4330,138565,1,8,0.225
2,4,5,c,1,300000000,600000000,4330,138565,4,2,0.237
2,4,5,c,2,300000000,600000000,4330,138565,4,2,0.2645
2,4,6,o,1,300000000,600000000,3061,195960,1,8,0.2225
2,4,6,c,1,300000000,600000000,3061,195960,4,2,0.238
2,4,6,c,2,300000000,600000000,3061,195960,4,2,0.28
2,4,7,o,1,300000000,600000000,2165,277129,1,8,0.223
2,4,7,c,1,300000000,600000000,2165,277129,4,2,0.244
2,4,7,c,2,300000000,600000000,2165,277129,4,2,0.301
2,4,8,o,1,300000000,600000000,1530,391919,1,8,0.2235
2,4,8,c,1,300000000,600000000,1530,391919,4,2,0.254
2,4,8,c,2,300000000,600000000,1530,391919,4,2,0.335
2,4,9,o,1,300000000,600000000,1082,554257,1,8,0.2235
2,4,9,c,1,300000000,600000000,1082,554257,4,2,0.27
2,4,9,c,2,300000000,600000000,1082,554257,4,2,0.3795
2,5,0,o,1,400000000,800000000,28284,28285,2,4,0.298
2,5,0,c,1,400000000,800000000,28284,28285,4,2,0.301
2,5,0,c,2,400000000,800000000,28284,28285,4,2,0.3
2,5,1,o,1,400000000,800000000,20000,40000,2,4,0.295
2,5,1,c,1,400000000,800000000,20000,40000,4,2,0.301
2,5,1,c,2,400000000,800000000,20000,40000,4,2,0.302
2,5,2,o,1,400000000,800000000,14142,56569,1,8,0.293
2,5,2,c,1,400000000,800000000,14142,56569,4,2,0.3
2,5,2,c,2,400000000,800000000,14142,56569,4,2,0.307
2,5,3,o,1,400000000,800000000,10000,80000,1,8,0.29
2,5,3,c,1,400000000,800000000,10000,80000,4,2,0.301
2,5,3,c,2,400000000,800000000,10000,80000,4,2,0.314
2,5,4,o,1,400000000,800000000,7071,113138,1,8,0.289
2,5,4,c,1,400000000,800000000,7071,113138,4,2,0.301
2,5,4,c,2,400000000,800000000,7071,113138,4,2,0.323
2,5,5,o,1,400000000,800000000,5000,160000,1,8,0.291
2,5,5,c,1,400000000,800000000,5000,160000,4,2,0.3045
2,5,5,c,2,400000000,800000000,5000,160000,4,2,0.336
2,5,6,o,1,400000000,800000000,3535,226275,1,8,0.289
2,5,6,c,1,400000000,800000000,3535,226275,4,2,0.307
2,5,6,c,2,400000000,800000000,3535,226275,4,2,0.353
2,5,7,o,1,400000000,800000000,2500,320000,1,8,0.2895
2,5,7,c,1,400000000,800000000,2500,320000,4,2,0.3135
2,5,7,c,2,400000000,800000000,2500,320000,4,2,0.381
2,5,8,o,1,400000000,800000000,1767,452549,1,8,0.2875
2,5,8,c,1,400000000,800000000,1767,452549,4,2,0.325
2,5,8,c,2,400000000,800000000,1767,452549,4,2,0.413
2,5,9,o,1,400000000,800000000,1250,640000,1,8,0.29
2,5,9,c,1,400000000,800000000,1250,640000,4,2,0.346
2,5,9,c,2,400000000,800000000,1250,640000,4,2,0.468
4,0,0,o,1,1000000,4000000,2000,2000,4,4,0.086
4,0,0,o,2,1000000,4000000,2000,2000,4,4,0.064
4,0,0,c,1,1000000,4000000,2000,2000,4,4,0.086
4,0,0,c,2,1000000,4000000,2000,2000,4,4,0.064
4,0,1,o,1,1000000,4000000,1414,2829,2,8,0.064
4,0,1,c,1,1000000,4000000,1414,2829,4,4,0.086
4,0,1,c,2,1000000,4000000,1414,2829,4,4,0.064
4,0,2,o,1,1000000,4000000,1000,4000,2,8,0.064
4,0,2,c,1,1000000,4000000,1000,4000,4,4,0.086
4,0,2,c,2,1000000,4000000,1000,4000,4,4,0.064
4,0,3,o,1,1000000,4000000,707,5657,1,16,0.048
4,0,3,c,1,1000000,4000000,707,5657,4,4,0.086
4,0,3,c,2,1000000,4000000,707,5657,4,4,0.064
4,0,4,o,1,1000000,4000000,500,8000,1,16,0.049
4,0,4,c,1,1000000,4000000,500,8000,4,4,0.086
4,0,4,c,2,1000000,4000000,500,8000,4,4,0.064
4,0,5,o,1,1000000,4000000,353,11314,1,16,0.049
4,0,5,c,1,1000000,4000000,353,11314,4,4,0.086
4,0,5,c,2,1000000,4000000,353,11314,4,4,0.064
4,0,6,o,1,1000000,4000000,250,16000,1,16,0.049
4,0,6,c,1,1000000,4000000,250,16000,4,4,0.086
4,0,6,c,2,1000000,4000000,250,16000,4,4,0.064
4,0,7,o,1,1000000,4000000,176,22628,1,16,0.0485
4,0,7,c,1,1000000,4000000,176,22628,4,4,0.085
4,0,7,c,2,1000000,4000000,176,22628,4,4,0.064
4,0,8,o,1,1000000,4000000,125,32000,1,16,0.049
4,0,8,c,1,1000000,4000000,125,32000,4,4,0.086
4,0,8,c,2,1000000,4000000,125,32000,4,4,0.064
4,0,9,o,1,1000000,4000000,88,45255,1,16,0.049
4,0,9,c,1,1000000,4000000,88,45255,4,4,0.086
4,0,9,c,2,1000000,4000000,88,45255,4,4,0.064
4,1,0,o,1,25000000,100000000,10000,10000,4,4,0.0845
4,1,0,o,2,25000000,100000000,10000,10000,4,4,0.061
4,1,0,c,1,25000000,100000000,10000,10000,4,4,0.085
4,1,0,c,2,25000000,100000000,10000,10000,4,4,0.061
4,1,1,o,1,25000000,100000000,7071,14143,2,8,0.062
4,1,1,c,1,25000000,100000000,7071,14143,4,4,0.085
4,1,1,c,2,25000000,100000000,7071,14143,4,4,0.062
4,1,2,o,1,25000000,100000000,5000,20000,2,8,0.062
4,1,2,c,1,25000000,100000000,5000,20000,4,4,0.085
4,1,2,c,2,25000000,100000000,5000,20000,4,4,0.061
4,1,3,o,1,25000000,100000000,3535,28285,1,16,0.047
4,1,3,c,1,25000000,100000000,3535,28285,4,4,0.085
4,1,3,c,2,25000000,100000000,3535,28285,4,4,0.062
4,1,4,o,1,25000000,100000000,2500,40000,1,16,0.047
4,1,4,c,1,25000000,100000000,2500,40000,4,4,0.085
4,1,4,c,2,25000000,100000000,2500,40000,4,4,0.062
4,1,5,o,1,25000000,100000000,1767,56569,1,16,0.047
4,1,5,c,1,25000000,100000000,1767,56569,4,4,0.085
4,1,5,c,2,25000000,100000000,1767,56569,4,4,0.063
4,1,6,o,1,25000000,100000000,1250,80000,1,16,0.047
4,1,6,c,1,25000000,100000000,1250,80000,4,4,0.085
4,1,6,c,2,25000000,100000000,1250,80000,4,4,0.065
4,1,7,o,1,25000000,100000000,883,113138,1,16,0.0465
4,1,7,c,1,25000000,100000000,883,113138,4,4,0.085
4,1,7,c,2,25000000,100000000,883,113138,4,4,0.069
4,1,8,o,1,25000000,100000000,625,160000,1,16,0.047
4,1,8,c,1,25000000,100000000,625,160000,4,4,0.085
4,1,8,c,2,25000000,100000000,625,160000,4,4,0.075
4,1,9,o,1,25000000,100000000,441,226275,1,16,0.0465
4,1,9,c,1,25000000,100000000,441,226275,4,4,0.085
4,1,9,c,2,25000000,100000000,441,226275,4,4,0.081
4,2,0,o,1,100000000,400000000,20000,20000,4,4,0.117
4,2,0,o,2,100000000,400000000,20000,20000,4,4,0.106
4,2,0,c,1,100000000,400000000,20000,20000,4,4,0.118
4,2,0,c,2,100000000,400000000,20000,20000,4,4,0.106
4,2,1,o,1,100000000,400000000,14142,28285,2,8,0.105
4,2,1,c,1,100000000,400000000,14142,28285,4,4,0.117
4,2,1,c,2,100000000,400000000,14142,28285,4,4,0.106
4,2,2,o,1,100000000,400000000,10000,40000,2,8,0.104
4,2,2,c,1,100000000,400000000,10000,40000,4,4,0.116
4,2,2,c,2,100000000,400000000,10000,40000,4,4,0.107
4,2,3,o,1,100000000,400000000,7071,56569,1,16,0.095
4,2,3,c,1,100000000,400000000,7071,56569,4,4,0.116
4,2,3,c,2,100000000,400000000,7071,56569,4,4,0.108
4,2,4,o,1,100000000,400000000,5000,80000,1,16,0.095
4,2,4,c,1,100000000,400000000,5000,80000,4,4,0.115
4,2,4,c,2,100000000,400000000,5000,80000,4,4,0.1105
4,2,5,o,1,100000000,400000000,3535,113138,1,16,0.0945
4,2,5,c,1,100000000,400000000,3535,113138,4,4,0.116
4,2,5,c,2,100000000,400000000,3535,113138,4,4,0.115
4,2,6,o,1,100000000,400000000,2500,160000,1,16,0.0945
4,2,6,c,1,100000000,400000000,2500,160000,4,4,0.117
4,2,6,c,2,100000000,400000000,2500,160000,4,4,0.1225
4,2,7,o,1,100000000,400000000,1767,226275,1,16,0.094
4,2,7,c,1,100000000,400000000,1767,226275,4,4,0.1185
4,2,7,c,2,100000000,400000000,1767,226275,4,4,0.133
4,2,8,o,1,100000000,400000000,1250,320000,1,16,0.094
4,2,8,c,1,100000000,400000000,1250,320000,4,4,0.121
4,2,8,c,2,100000000,400000000,1250,320000,4,4,0.149
4,2,9,o,1,100000000,400000000,883,452549,1,16,0.094
4,2,9,c,1,100000000,400000000,883,452549,4,4,0.123
4,2,9,c,2,100000000,400000000,883,452549,4,4,0.168
4,3,0,o,1,200000000,800000000,28284,28285,4,4,0.186
4,3,0,o,2,200000000,800000000,28284,28285,4,4,0.174
4,3,0,c,1,200000000,800000000,28284,28285,4,4,0.185
4,3,0,c,2,200000000,800000000,28284,28285,4,4,0.1735
4,3,1,o,1,200000000,800000000,20000,40000,2,8,0.173
4,3,1,c,1,200000000,800000000,20000,40000,4,4,0.1845
4,3,1,c,2,200000000,800000000,20000,40000,4,4,0.1755
4,3,2,o,1,200000000,800000000,14142,56569,2,8,0.172
4,3,2,c,1,200000000,800000000,14142,56569,4,4,0.183
4,3,2,c,2,200000000,800000000,14142,56569,4,4,0.176
4,3,3,o,1,200000000,800000000,10000,80000,1,16,0.1625
4,3,3,c,1,200000000,800000000,10000,80000,4,4,0.183
4,3,3,c,2,200000000,800000000,10000,80000,4,4,0.178
4,3,4,o,1,200000000,800000000,7071,113138,1,16,0.161
4,3,4,c,1,200000000,800000000,7071,113138,4,4,0.183
4,3,4,c,2,200000000,800000000,7071,113138,4,4,0.1815
4,3,5,o,1,200000000,800000000,5000,160000,1,16,0.161
4,3,5,c,1,200000000,800000000,5000,160000,4,4,0.183
4,3,5,c,2,200000000,800000000,5000,160000,4,4,0.188
4,3,6,o,1,200000000,800000000,3535,226275,1,16,0.161
4,3,6,c,1,200000000,800000000,3535,226275,4,4,0.184
4,3,6,c,2,200000000,800000000,3535,226275,4,4,0.197
4,3,7,o,1,200000000,800000000,2500,320000,1,16,0.161
4,3,7,c,1,200000000,800000000,2500,320000,4,4,0.186
4,3,7,c,2,200000000,800000000,2500,320000,4,4,0.2105
4,3,8,o,1,200000000,800000000,1767,452549,1,16,0.16
4,3,8,c,1,200000000,800000000,1767,452549,4,4,0.189
4,3,8,c,2,200000000,800000000,1767,452549,4,4,0.228
4,3,9,o,1,200000000,800000000,1250,640000,1,16,0.161
4,3,9,c,1,200000000,800000000,1250,640000,4,4,0.194
4,3,9,c,2,200000000,800000000,1250,640000,4,4,0.256
4,4,0,o,1,300000000,1200000000,34641,34642,4,4,0.255
4,4,0,o,2,300000000,1200000000,34641,34642,4,4,0.243
4,4,0,c,1,300000000,1200000000,34641,34642,4,4,0.255
4,4,0,c,2,300000000,1200000000,34641,34642,4,4,0.243
4,4,1,o,1,300000000,1200000000,24494,48990,2,8,0.244
4,4,1,c,1,300000000,1200000000,24494,48990,4,4,0.252
4,4,1,c,2,300000000,1200000000,24494,48990,4,4,0.243
4,4,2,o,1,300000000,1200000000,17320,69283,2,8,0.24
4,4,2,c,1,300000000,1200000000,17320,69283,4,4,0.252
4,4,2,c,2,300000000,1200000000,17320,69283,4,4,0.246
4,4,3,o,1,300000000,1200000000,12247,97980,1,16,0.231
4,4,3,c,1,300000000,1200000000,12247,97980,4,4,0.25
4,4,3,c,2,300000000,1200000000,12247,97980,4,4,0.2475
4,4,4,o,1,300000000,1200000000,8660,138565,1,16,0.231
4,4,4,c,1,300000000,1200000000,8660,138565,4,4,0.251
4,4,4,c,2,300000000,1200000000,8660,138565,4,4,0.253
4,4,5,o,1,300000000,1200000000,6123,195960,1,16,0.229
4,4,5,c,1,300000000,1200000000,6123,195960,4,4,0.251
4,4,5,c,2,300000000,1200000000,6123,195960,4,4,0.26
4,4,6,o,1,300000000,1200000000,4330,277129,1,16,0.23
4,4,6,c,1,300000000,1200000000,4330,277129,4,4,0.253
4,4,6,c,2,300000000,1200000000,4330,277129,4,4,0.272
4,4,7,o,1,300000000,1200000000,3061,391919,1,16,0.228
4,4,7,c,1,300000000,1200000000,3061,391919,4,4,0.254
4,4,7,c,2,300000000,1200000000,3061,391919,4,4,0.287
4,4,8,o,1,300000000,1200000000,2165,554257,1,16,0.229
4,4,8,c,1,300000000,1200000000,2165,554257,4,4,0.258
4,4,8,c,2,300000000,1200000000,2165,554257,4,4,0.3085
4,4,9,o,1,300000000,1200000000,1530,783837,1,16,0.228
4,4,9,c,1,300000000,1200000000,1530,783837,4,4,0.264
4,4,9,c,2,300000000,1200000000,1530,783837,4,4,0.3435
4,5,0,o,1,400000000,1600000000,40000,40000,4,4,0.322
4,5,0,o,2,400000000,1600000000,40000,40000,4,4,0.31
4,5,0,c,1,400000000,1600000000,40000,40000,4,4,0.323
4,5,0,c,2,400000000,1600000000,40000,40000,4,4,0.31
4,5,1,o,1,400000000,1600000000,28284,56569,2,8,0.311
4,5,1,c,1,400000000,1600000000,28284,56569,4,4,0.32
4,5,1,c,2,400000000,1600000000,28284,56569,4,4,0.311
4,5,2,o,1,400000000,1600000000,20000,80000,2,8,0.307
4,5,2,c,1,400000000,1600000000,20000,80000,4,4,0.318
4,5,2,c,2,400000000,1600000000,20000,80000,4,4,0.313
4,5,3,o,1,400000000,1600000000,14142,113138,1,16,0.2995
4,5,3,c,1,400000000,1600000000,14142,113138,4,4,0.317
4,5,3,c,2,400000000,1600000000,14142,113138,4,4,0.316
4,5,4,o,1,400000000,1600000000,10000,160000,1,16,0.296
4,5,4,c,1,400000000,1600000000,10000,160000,4,4,0.3185
4,5,4,c,2,400000000,1600000000,10000,160000,4,4,0.323
4,5,5,o,1,400000000,1600000000,7071,226275,1,16,0.295
4,5,5,c,1,400000000,1600000000,7071,226275,4,4,0.319
4,5,5,c,2,400000000,1600000000,7071,226275,4,4,0.331
4,5,6,o,1,400000000,1600000000,5000,320000,1,16,0.296
4,5,6,c,1,400000000,1600000000,5000,320000,4,4,0.321
4,5,6,c,2,400000000,1600000000,5000,320000,4,4,0.3435
4,5,7,o,1,400000000,1600000000,3535,452549,1,16,0.295
4,5,7,c,1,400000000,1600000000,3535,452549,4,4,0.322
4,5,7,c,2,400000000,1600000000,3535,452549,4,4,0.3605
4,5,8,o,1,400000000,1600000000,2500,640000,1,16,0.296
4,5,8,c,1,400000000,1600000000,2500,640000,4,4,0.328
4,5,8,c,2,400000000,1600000000,2500,640000,4,4,0.386
4,5,9,o,1,400000000,1600000000,1767,905097,1,16,0.294
4,5,9,c,1,400000000,1600000000,1767,905097,4,4,0.333
4,5,9,c,2,400000000,1600000000,1767,905097,4,4,0.42
8,0,0,o,1,1000000,8000000,2828,2829,4,8,0.092
8,0,0,o,2,1000000,8000000,2828,2829,4,8,0.083
8,0,0,c,1,1000000,8000000,2828,2829,8,4,0.099
8,0,0,c,2,1000000,8000000,2828,2829,8,4,0.083
8,0,1,o,1,1000000,8000000,2000,4000,4,8,0.093
8,0,1,o,2,1000000,8000000,2000,4000,4,8,0.083
8,0,1,c,1,1000000,8000000,2000,4000,8,4,0.099
8,0,1,c,2,1000000,8000000,2000,4000,8,4,0.083
8,0,2,o,1,1000000,8000000,1414,5657,2,16,0.07050000000000001
8,0,2,c,1,1000000,8000000,1414,5657,8,4,0.099
8,0,2,c,2,1000000,8000000,1414,5657,8,4,0.083
8,0,3,o,1,1000000,8000000,1000,8000,2,16,0.07
8,0,3,c,1,1000000,8000000,1000,8000,8,4,0.098
8,0,3,c,2,1000000,8000000,1000,8000,8,4,0.083
8,0,4,o,1,1000000,8000000,707,11314,1,32,0.054
8,0,4,c,1,1000000,8000000,707,11314,8,4,0.099
8,0,4,c,2,1000000,8000000,707,11314,8,4,0.083
8,0,5,o,1,1000000,8000000,500,16000,1,32,0.054
8,0,5,c,1,1000000,8000000,500,16000,8,4,0.098
8,0,5,c,2,1000000,8000000,500,16000,8,4,0.083
8,0,6,o,1,1000000,8000000,353,22628,1,32,0.054
8,0,6,c,1,1000000,8000000,353,22628,8,4,0.098
8,0,6,c,2,1000000,8000000,353,22628,8,4,0.083
8,0,7,o,1,1000000,8000000,250,32000,1,32,0.054
8,0,7,c,1,1000000,8000000,250,32000,8,4,0.098
8,0,7,c,2,1000000,8000000,250,32000,8,4,0.083
8,0,8,o,1,1000000,8000000,176,45255,1,32,0.054
8,0,8,c,1,1000000,8000000,176,45255,8,4,0.099
8,0,8,c,2,1000000,8000000,176,45255,8,4,0.083
8,0,9,o,1,1000000,8000000,125,64000,1,32,0.054
8,0,9,c,1,1000000,8000000,125,64000,8,4,0.098
8,0,9,c,2,1000000,8000000,125,64000,8,4,0.083
8,1,0,o,1,25000000,200000000,14142,14143,4,8,0.089
8,1,0,o,2,25000000,200000000,14142,14143,4,8,0.08
8,1,0,c,1,25000000,200000000,14142,14143,8,4,0.097
8,1,0,c,2,25000000,200000000,14142,14143,8,4,0.08
8,1,1,o,1,25000000,200000000,10000,20000,4,8,0.089
8,1,1,o,2,25000000,200000000,10000,20000,4,8,0.08
8,1,1,c,1,25000000,200000000,10000,20000,8,4,0.097
8,1,1,c,2,25000000,200000000,10000,20000,8,4,0.08
8,1,2,o,1,25000000,200000000,7071,28285,2,16,0.066
8,1,2,c,1,25000000,200000000,7071,28285,8,4,0.097
8,1,2,c,2,25000000,200000000,7071,28285,8,4,0.08
8,1,3,o,1,25000000,200000000,5000,40000,2,16,0.066
8,1,3,c,1,25000000,200000000,5000,40000,8,4,0.097
8,1,3,c,2,25000000,200000000,5000,40000,8,4,0.08
8,1,4,o,1,25000000,200000000,3535,56569,1,32,0.052
8,1,4,c,1,25000000,200000000,3535,56569,8,4,0.097
8,1,4,c,2,25000000,200000000,3535,56569,8,4,0.08
8,1,5,o,1,25000000,200000000,2500,80000,1,32,0.053
8,1,5,c,1,25000000,200000000,2500,80000,8,4,0.097
8,1,5,c,2,25000000,200000000,2500,80000,8,4,0.082
8,1,6,o,1,25000000,200000000,1767,113138,1,32,0.052
8,1,6,c,1,25000000,200000000,1767,113138,8,4,0.097
8,1,6,c,2,25000000,200000000,1767,113138,8,4,0.0915
8,1,7,o,1,25000000,200000000,1250,160000,1,32,0.052
8,1,7,c,1,25000000,200000000,1250,160000,8,4,0.097
8,1,7,c,2,25000000,200000000,1250,160000,8,4,0.106
8,1,8,o,1,25000000,200000000,883,226275,1,32,0.052
8,1,8,c,1,25000000,200000000,883,226275,8,4,0.098
8,1,8,c,2,25000000,200000000,883,226275,8,4,0.125
8,1,9,o,1,25000000,200000000,625,320000,1,32,0.052
8,1,9,c,1,25000000,200000000,625,320000,8,4,0.104
8,1,9,c,2,25000000,200000000,625,320000,8,4,0.147
8,2,0,o,1,100000000,800000000,28284,28285,4,8,0.1245
8,2,0,o,2,100000000,800000000,28284,28285,4,8,0.117
8,2,0,c,1,100000000,800000000,28284,28285,8,4,0.125
8,2,0,c,2,100000000,800000000,28284,28285,8,4,0.117
8,2,1,o,1,100000000,800000000,20000,40000,4,8,0.122
8,2,1,o,2,100000000,800000000,20000,40000,4,8,0.1165
8,2,1,c,1,100000000,800000000,20000,40000,8,4,0.125
8,2,1,c,2,100000000,800000000,20000,40000,8,4,0.118
8,2,2,o,1,100000000,800000000,14142,56569,2,16,0.109
8,2,2,c,1,100000000,800000000,14142,56569,8,4,0.125
8,2,2,c,2,100000000,800000000,14142,56569,8,4,0.121
8,2,3,o,1,100000000,800000000,10000,80000,2,16,0.108
8,2,3,c,1,100000000,800000000,10000,80000,8,4,0.125
8,2,3,c,2,100000000,800000000,10000,80000,8,4,0.125
8,2,4,o,1,100000000,800000000,7071,113138,1,32,0.098
8,2,4,c,1,100000000,800000000,7071,113138,8,4,0.126
8,2,4,c,2,100000000,800000000,7071,113138,8,4,0.134
8,2,5,o,1,100000000,800000000,5000,160000,1,32,0.098
8,2,5,c,1,100000000,800000000,5000,160000,8,4,0.129
8,2,5,c,2,100000000,800000000,5000,160000,8,4,0.148
8,2,6,o,1,100000000,800000000,3535,226275,1,32,0.097
8,2,6,c,1,100000000,800000000,3535,226275,8,4,0.133
8,2,6,c,2,100000000,800000000,3535,226275,8,4,0.1665
8,2,7,o,1,100000000,800000000,2500,320000,1,32,0.098
8,2,7,c,1,100000000,800000000,2500,320000,8,4,0.14
8,2,7,c,2,100000000,800000000,2500,320000,8,4,0.193
8,2,8,o,1,100000000,800000000,1767,452549,1,32,0.097
8,2,8,c,1,100000000,800000000,1767,452549,8,4,0.153
8,2,8,c,2,100000000,800000000,1767,452549,8,4,0.234
8,2,9,o,1,100000000,800000000,1250,640000,1,32,0.097
8,2,9,c,1,100000000,800000000,1250,640000,8,4,0.169
8,2,9,c,2,100000000,800000000,1250,640000,8,4,0.286
8,3,0,o,1,200000000,1600000000,40000,40000,4,8,0.196
8,3,0,o,2,200000000,1600000000,40000,40000,4,8,0.185
8,3,0,c,1,200000000,1600000000,40000,40000,8,4,0.194
8,3,0,c,2,200000000,1600000000,40000,40000,8,4,0.186
8,3,1,o,1,200000000,1600000000,28284,56569,4,8,0.191
8,3,1,o,2,200000000,1600000000,28284,56569,4,8,0.183
8,3,1,c,1,200000000,1600000000,28284,56569,8,4,0.194
8,3,1,c,2,200000000,1600000000,28284,56569,8,4,0.189
8,3,2,o,1,200000000,1600000000,20000,80000,2,16,0.179
8,3,2,c,1,200000000,1600000000,20000,80000,8,4,0.194
8,3,2,c,2,200000000,1600000000,20000,80000,8,4,0.194
8,3,3,o,1,200000000,1600000000,14142,113138,2,16,0.177
8,3,3,c,1,200000000,1600000000,14142,113138,8,4,0.195
8,3,3,c,2,200000000,1600000000,14142,113138,8,4,0.202
8,3,4,o,1,200000000,1600000000,10000,160000,1,32,0.166
8,3,4,c,1,200000000,1600000000,10000,160000,8,4,0.196
8,3,4,c,2,200000000,1600000000,10000,160000,8,4,0.214
8,3,5,o,1,200000000,1600000000,7071,226275,1,32,0.165
8,3,5,c,1,200000000,1600000000,7071,226275,8,4,0.199
8,3,5,c,2,200000000,1600000000,7071,226275,8,4,0.233
8,3,6,o,1,200000000,1600000000,5000,320000,1,32,0.165
8,3,6,c,1,200000000,1600000000,5000,320000,8,4,0.205
8,3,6,c,2,200000000,1600000000,5000,320000,8,4,0.26
8,3,7,o,1,200000000,1600000000,3535,452549,1,32,0.165
8,3,7,c,1,200000000,1600000000,3535,452549,8,4,0.217
8,3,7,c,2,200000000,1600000000,3535,452549,8,4,0.2985
8,3,8,o,1,200000000,1600000000,2500,640000,1,32,0.165
8,3,8,c,1,200000000,1600000000,2500,640000,8,4,0.235
8,3,8,c,2,200000000,1600000000,2500,640000,8,4,0.3505
8,3,9,o,1,200000000,1600000000,1767,905097,1,32,0.164
8,3,9,c,1,200000000,1600000000,1767,905097,8,4,0.262
8,3,9,c,2,200000000,1600000000,1767,905097,8,4,0.427
8,4,0,o,1,300000000,2400000000,48989,48990,4,8,0.266
8,4,0,o,2,300000000,2400000000,48989,48990,4,8,0.2545
8,4,0,c,1,300000000,2400000000,48989,48990,8,4,0.262
8,4,0,c,2,300000000,2400000000,48989,48990,8,4,0.255
8,4,1,o,1,300000000,2400000000,34641,69283,4,8,0.26
8,4,1,o,2,300000000,2400000000,34641,69283,4,8,0.253
8,4,1,c,1,300000000,2400000000,34641,69283,8,4,0.262
8,4,1,c,2,300000000,2400000000,34641,69283,8,4,0.259
8,4,2,o,1,300000000,2400000000,24494,97980,2,16,0.248
8,4,2,c,1,300000000,2400000000,24494,97980,8,4,0.261
8,4,2,c,2,300000000,2400000000,24494,97980,8,4,0.266
8,4,3,o,1,300000000,2400000000,17320,138565,2,16,0.244
8,4,3,c,1,300000000,2400000000,17320,138565,8,4,0.264
8,4,3,c,2,300000000,2400000000,17320,138565,8,4,0.278
8,4,4,o,1,300000000,2400000000,12247,195960,1,32,0.234
8,4,4,c,1,300000000,2400000000,12247,195960,8,4,0.2645
8,4,4,c,2,300000000,2400000000,12247,195960,8,4,0.292
8,4,5,o,1,300000000,2400000000,8660,277129,1,32,0.234
8,4,5,c,1,300000000,2400000000,8660,277129,8,4,0.267
8,4,5,c,2,300000000,2400000000,8660,277129,8,4,0.315
8,4,6,o,1,300000000,2400000000,6123,391919,1,32,0.232
8,4,6,c,1,300000000,2400000000,6123,391919,8,4,0.275
8,4,6,c,2,300000000,2400000000,6123,391919,8,4,0.349
8,4,7,o,1,300000000,2400000000,4330,554257,1,32,0.2335
8,4,7,c,1,300000000,2400000000,4330,554257,8,4,0.287
8,4,7,c,2,300000000,2400000000,4330,554257,8,4,0.395
8,4,8,o,1,300000000,2400000000,3061,783837,1,32,0.232
8,4,8,c,1,300000000,2400000000,3061,783837,8,4,0.31
8,4,8,c,2,300000000,2400000000,3061,783837,8,4,0.4585
8,4,9,o,1,300000000,2400000000,2165,1108513,1,32,0.233
8,4,9,c,1,300000000,2400000000,2165,1108513,8,4,0.348
8,4,9,c,2,300000000,2400000000,2165,1108513,8,4,0.55
8,5,0,o,1,400000000,3200000000,56568,56569,4,8,0.337
8,5,0,o,2,400000000,3200000000,56568,56569,4,8,0.323
8,5,0,c,1,400000000,3200000000,56568,56569,8,4,0.329
8,5,0,c,2,400000000,3200000000,56568,56569,8,4,0.324
8,5,1,o,1,400000000,3200000000,40000,80000,4,8,0.328
8,5,1,o,2,400000000,3200000000,40000,80000,4,8,0.321
8,5,1,c,1,400000000,3200000000,40000,80000,8,4,0.328
8,5,1,c,2,400000000,3200000000,40000,80000,8,4,0.329
8,5,2,o,1,400000000,3200000000,28284,113138,2,16,0.316
8,5,2,c,1,400000000,3200000000,28284,113138,8,4,0.33
8,5,2,c,2,400000000,3200000000,28284,113138,8,4,0.338
8,5,3,o,1,400000000,3200000000,20000,160000,2,16,0.311
8,5,3,c,1,400000000,3200000000,20000,160000,8,4,0.332
8,5,3,c,2,400000000,3200000000,20000,160000,8,4,0.351
8,5,4,o,1,400000000,3200000000,14142,226275,1,32,0.303
8,5,4,c,1,400000000,3200000000,14142,226275,8,4,0.335
8,5,4,c,2,400000000,3200000000,14142,226275,8,4,0.369
8,5,5,o,1,400000000,3200000000,10000,320000,1,32,0.301
8,5,5,c,1,400000000,3200000000,10000,320000,8,4,0.3385
8,5,5,c,2,400000000,3200000000,10000,320000,8,4,0.394
8,5,6,o,1,400000000,3200000000,7071,452549,1,32,0.298
8,5,6,c,1,400000000,3200000000,7071,452549,8,4,0.348
8,5,6,c,2,400000000,3200000000,7071,452549,8,4,0.432
8,5,7,o,1,400000000,3200000000,5000,640000,1,32,0.2995
8,5,7,c,1,400000000,3200000000,5000,640000,8,4,0.367
8,5,7,c,2,400000000,3200000000,5000,640000,8,4,0.485
8,5,8,o,1,400000000,3200000000,3535,905097,1,32,0.2985
8,5,8,c,1,400000000,3200000000,3535,905097,8,4,0.395
8,5,8,c,2,400000000,3200000000,3535,905097,8,4,0.56
8,5,9,o,1,400000000,3200000000,2500,1280000,1,32,0.2995
8,5,9,c,1,400000000,3200000000,2500,1280000,8,4,0.439
8,5,9,c,2,400000000,3200000000,2500,1280000,8,4,0.666
16,0,0,o,1,1000000,16000000,4000,4000,8,8,0.106
16,0,0,o,2,1000000,16000000,4000,4000,8,8,0.1015
16,0,0,c,1,1000000,16000000,4000,4000,8,8,0.106
16,0,0,c,2,1000000,16000000,4000,4000,8,8,0.102
16,0,1,o,1,1000000,16000000,2828,5657,4,16,0.099
16,0,1,o,2,1000000,16000000,2828,5657,4,16,0.09
16,0,1,c,1,1000000,16000000,2828,5657,8,8,0.106
16,0,1,c,2,1000000,16000000,2828,5657,8,8,0.103
16,0,2,o,1,1000000,16000000,2000,8000,4,16,0.1
16,0,2,o,2,1000000,16000000,2000,8000,4,16,0.09
16,0,2,c,1,1000000,16000000,2000,8000,8,8,0.106
16,0,2,c,2,1000000,16000000,2000,8000,8,8,0.102
16,0,3,o,1,1000000,16000000,1414,11314,2,32,0.078
16,0,3,c,1,1000000,16000000,1414,11314,8,8,0.106
16,0,3,c,2,1000000,16000000,1414,11314,8,8,0.102
16,0,4,o,1,1000000,16000000,1000,16000,2,32,0.077
16,0,4,c,1,1000000,16000000,1000,16000,8,8,0.106
16,0,4,c,2,1000000,16000000,1000,16000,8,8,0.102
16,0,5,o,1,1000000,16000000,707,22628,1,64,0.062
16,0,5,c,1,1000000,16000000,707,22628,8,8,0.105
16,0,5,c,2,1000000,16000000,707,22628,8,8,0.102
16,0,6,o,1,1000000,16000000,500,32000,1,64,0.062
16,0,6,c,1,1000000,16000000,500,32000,8,8,0.106
16,0,6,c,2,1000000,16000000,500,32000,8,8,0.101
16,0,7,o,1,1000000,16000000,353,45255,1,64,0.0615
16,0,7,c,1,1000000,16000000,353,45255,8,8,0.106
16,0,7,c,2,1000000,16000000,353,45255,8,8,0.1015
16,0,8,o,1,1000000,16000000,250,64000,1,64,0.0615
16,0,8,c,1,1000000,16000000,250,64000,8,8,0.105
16,0,8,c,2,1000000,16000000,250,64000,8,8,0.101
16,0,9,o,1,1000000,16000000,176,90510,1,64,0.062
16,0,9,c,1,1000000,16000000,176,90510,8,8,0.105
16,0,9,c,2,1000000,16000000,176,90510,8,8,0.102
16,1,0,o,1,25000000,400000000,20000,20000,8,8,0.102
16,1,0,o,2,25000000,400000000,20000,20000,8,8,0.101
16,1,0,c,1,25000000,400000000,20000,20000,8,8,0.102
16,1,0,c,2,25000000,400000000,20000,20000,8,8,0.101
16,1,1,o,1,25000000,400000000,14142,28285,4,16,0.096
16,1,1,o,2,25000000,400000000,14142,28285,4,16,0.086
16,1,1,c,1,25000000,400000000,14142,28285,8,8,0.102
16,1,1,c,2,25000000,400000000,14142,28285,8,8,0.1
16,1,2,o,1,25000000,400000000,10000,40000,4,16,0.096
16,1,2,o,2,25000000,400000000,10000,40000,4,16,0.086
16,1,2,c,1,25000000,400000000,10000,40000,8,8,0.102
16,1,2,c,2,25000000,400000000,10000,40000,8,8,0.101
16,1,3,o,1,25000000,400000000,7071,56569,2,32,0.073
16,1,3,c,1,25000000,400000000,7071,56569,8,8,0.102
16,1,3,c,2,25000000,400000000,7071,56569,8,8,0.101
16,1,4,o,1,25000000,400000000,5000,80000,2,32,0.073
16,1,4,c,1,25000000,400000000,5000,80000,8,8,0.102
16,1,4,c,2,25000000,400000000,5000,80000,8,8,0.1005
16,1,5,o,1,25000000,400000000,3535,113138,1,64,0.059
16,1,5,c,1,25000000,400000000,3535,113138,8,8,0.1015
16,1,5,c,2,25000000,400000000,3535,113138,8,8,0.101
16,1,6,o,1,25000000,400000000,2500,160000,1,64,0.059
16,1,6,c,1,25000000,400000000,2500,160000,8,8,0.102
16,1,6,c,2,25000000,400000000,2500,160000,8,8,0.101
16,1,7,o,1,25000000,400000000,1767,226275,1,64,0.059
16,1,7,c,1,25000000,400000000,1767,226275,8,8,0.102
16,1,7,c,2,25000000,400000000,1767,226275,8,8,0.102
16,1,8,o,1,25000000,400000000,1250,320000,1,64,0.058499999999999996
16,1,8,c,1,25000000,400000000,1250,320000,8,8,0.103
16,1,8,c,2,25000000,400000000,1250,320000,8,8,0.1155
16,1,9,o,1,25000000,400000000,883,452549,1,64,0.058
16,1,9,c,1,25000000,400000000,883,452549,8,8,0.105
16,1,9,c,2,25000000,400000000,883,452549,8,8,0.136
16,2,0,o,1,100000000,1600000000,40000,40000,8,8,0.133
16,2,0,o,2,100000000,1600000000,40000,40000,8,8,0.128
16,2,0,c,1,100000000,1600000000,40000,40000,8,8,0.133
16,2,0,c,2,100000000,1600000000,40000,40000,8,8,0.128
16,2,1,o,1,100000000,1600000000,28284,56569,4,16,0.1315
16,2,1,o,2,100000000,1600000000,28284,56569,4,16,0.122
16,2,1,c,1,100000000,1600000000,28284,56569,8,8,0.1325
16,2,1,c,2,100000000,1600000000,28284,56569,8,8,0.129
16,2,2,o,1,100000000,1600000000,20000,80000,4,16,0.129
16,2,2,o,2,100000000,1600000000,20000,80000,4,16,0.122
16,2,2,c,1,100000000,1600000000,20000,80000,8,8,0.132
16,2,2,c,2,100000000,1600000000,20000,80000,8,8,0.13
16,2,3,o,1,100000000,1600000000,14142,113138,2,32,0.116
16,2,3,c,1,100000000,1600000000,14142,113138,8,8,0.132
16,2,3,c,2,100000000,1600000000,14142,113138,8,8,0.132
16,2,4,o,1,100000000,1600000000,10000,160000,2,32,0.115
16,2,4,c,1,100000000,1600000000,10000,160000,8,8,0.133
16,2,4,c,2,100000000,1600000000,10000,160000,8,8,0.136
16,2,5,o,1,100000000,1600000000,7071,226275,1,64,0.106
16,2,5,c,1,100000000,1600000000,7071,226275,8,8,0.134
16,2,5,c,2,100000000,1600000000,7071,226275,8,8,0.144
16,2,6,o,1,100000000,1600000000,5000,320000,1,64,0.105
16,2,6,c,1,100000000,1600000000,5000,320000,8,8,0.136
16,2,6,c,2,100000000,1600000000,5000,320000,8,8,0.16
16,2,7,o,1,100000000,1600000000,3535,452549,1,64,0.105
16,2,7,c,1,100000000,1600000000,3535,452549,8,8,0.141
16,2,7,c,2,100000000,1600000000,3535,452549,8,8,0.179
16,2,8,o,1,100000000,1600000000,2500,640000,1,64,0.105
16,2,8,c,1,100000000,1600000000,2500,640000,8,8,0.148
16,2,8,c,2,100000000,1600000000,2500,640000,8,8,0.2085
16,2,9,o,1,100000000,1600000000,1767,905097,1,64,0.105
16,2,9,c,1,100000000,1600000000,1767,905097,8,8,0.161
16,2,9,c,2,100000000,1600000000,1767,905097,8,8,0.249
16,3,0,o,1,200000000,3200000000,56568,56569,8,8,0.204
16,3,0,o,2,200000000,3200000000,56568,56569,8,8,0.1985
16,3,0,c,1,200000000,3200000000,56568,56569,8,8,0.204
16,3,0,c,2,200000000,3200000000,56568,56569,8,8,0.199
16,3,1,o,1,200000000,3200000000,40000,80000,4,16,0.203
16,3,1,o,2,200000000,3200000000,40000,80000,4,16,0.192
16,3,1,c,1,200000000,3200000000,40000,80000,8,8,0.202
16,3,1,c,2,200000000,3200000000,40000,80000,8,8,0.199
16,3,2,o,1,200000000,3200000000,28284,113138,4,16,0.199
16,3,2,o,2,200000000,3200000000,28284,113138,4,16,0.191
16,3,2,c,1,200000000,3200000000,28284,113138,8,8,0.201
16,3,2,c,2,200000000,3200000000,28284,113138,8,8,0.202
16,3,3,o,1,200000000,3200000000,20000,160000,2,32,0.183
16,3,3,c,1,200000000,3200000000,20000,160000,8,8,0.201
16,3,3,c,2,200000000,3200000000,20000,160000,8,8,0.205
16,3,4,o,1,200000000,3200000000,14142,226275,2,32,0.182
16,3,4,c,1,200000000,3200000000,14142,226275,8,8,0.20350000000000001
16,3,4,c,2,200000000,3200000000,14142,226275,8,8,0.2135
16,3,5,o,1,200000000,3200000000,10000,320000,1,64,0.17
16,3,5,c,1,200000000,3200000000,10000,320000,8,8,0.205
16,3,5,c,2,200000000,3200000000,10000,320000,8,8,0.224
16,3,6,o,1,200000000,3200000000,7071,452549,1,64,0.169
16,3,6,c,1,200000000,3200000000,7071,452549,8,8,0.209
16,3,6,c,2,200000000,3200000000,7071,452549,8,8,0.242
16,3,7,o,1,200000000,3200000000,5000,640000,1,64,0.169
16,3,7,c,1,200000000,3200000000,5000,640000,8,8,0.215
16,3,7,c,2,200000000,3200000000,5000,640000,8,8,0.27
16,3,8,o,1,200000000,3200000000,3535,905097,1,64,0.169
16,3,8,c,1,200000000,3200000000,3535,905097,8,8,0.225
16,3,8,c,2,200000000,3200000000,3535,905097,8,8,0.308
16,3,9,o,1,200000000,3200000000,2500,1280000,1,64,0.169
16,3,9,c,1,200000000,3200000000,2500,1280000,8,8,0.241
16,3,9,c,2,200000000,3200000000,2500,1280000,8,8,0.36
16,4,0,o,1,300000000,4800000000,69282,69283,8,8,0.271
16,4,0,o,2,300000000,4800000000,69282,69283,8,8,0.265
16,4,0,c,1,300000000,4800000000,69282,69283,8,8,0.27
16,4,0,c,2,300000000,4800000000,69282,69283,8,8,0.266
16,4,1,o,1,300000000,4800000000,48989,97980,4,16,0.273
16,4,1,o,2,300000000,4800000000,48989,97980,4,16,0.261
16,4,1,c,1,300000000,4800000000,48989,97980,8,8,0.268
16,4,1,c,2,300000000,4800000000,48989,97980,8,8,0.267
16,4,2,o,1,300000000,4800000000,34641,138565,4,16,0.268
16,4,2,o,2,300000000,4800000000,34641,138565,4,16,0.2595
16,4,2,c,1,300000000,4800000000,34641,138565,8,8,0.268
16,4,2,c,2,300000000,4800000000,34641,138565,8,8,0.271
16,4,3,o,1,300000000,4800000000,24494,195960,2,32,0.252
16,4,3,c,1,300000000,4800000000,24494,195960,8,8,0.268
16,4,3,c,2,300000000,4800000000,24494,195960,8,8,0.278
16,4,4,o,1,300000000,4800000000,17320,277129,2,32,0.2485
16,4,4,c,1,300000000,4800000000,17320,277129,8,8,0.2715
16,4,4,c,2,300000000,4800000000,17320,277129,8,8,0.288
16,4,5,o,1,300000000,4800000000,12247,391919,1,64,0.238
16,4,5,c,1,300000000,4800000000,12247,391919,8,8,0.273
16,4,5,c,2,300000000,4800000000,12247,391919,8,8,0.3
16,4,6,o,1,300000000,4800000000,8660,554257,1,64,0.237
16,4,6,c,1,300000000,4800000000,8660,554257,8,8,0.2775
16,4,6,c,2,300000000,4800000000,8660,554257,8,8,0.323
16,4,7,o,1,300000000,4800000000,6123,783837,1,64,0.236
16,4,7,c,1,300000000,4800000000,6123,783837,8,8,0.2875
16,4,7,c,2,300000000,4800000000,6123,783837,8,8,0.358
16,4,8,o,1,300000000,4800000000,4330,1108513,1,64,0.237
16,4,8,c,1,300000000,4800000000,4330,1108513,8,8,0.304
16,4,8,c,2,300000000,4800000000,4330,1108513,8,8,0.404
16,4,9,o,1,300000000,4800000000,3061,1567674,1,64,0.235
16,4,9,c,1,300000000,4800000000,3061,1567674,8,8,0.326
16,4,9,c,2,300000000,4800000000,3061,1567674,8,8,0.468
16,5,0,o,1,400000000,6400000000,80000,80000,8,8,0.339
16,5,0,o,2,400000000,6400000000,80000,80000,8,8,0.333
16,5,0,c,1,400000000,6400000000,80000,80000,8,8,0.339
16,5,0,c,2,400000000,6400000000,80000,80000,8,8,0.333
16,5,1,o,1,400000000,6400000000,56568,113138,4,16,0.342
16,5,1,o,2,400000000,6400000000,56568,113138,4,16,0.329
16,5,1,c,1,400000000,6400000000,56568,113138,8,8,0.337
16,5,1,c,2,400000000,6400000000,56568,113138,8,8,0.335
16,5,2,o,1,400000000,6400000000,40000,160000,4,16,0.334
16,5,2,o,2,400000000,6400000000,40000,160000,4,16,0.327
16,5,2,c,1,400000000,6400000000,40000,160000,8,8,0.3355
16,5,2,c,2,400000000,6400000000,40000,160000,8,8,0.339
16,5,3,o,1,400000000,6400000000,28284,226275,2,32,0.321
16,5,3,c,1,400000000,6400000000,28284,226275,8,8,0.337
16,5,3,c,2,400000000,6400000000,28284,226275,8,8,0.348
16,5,4,o,1,400000000,6400000000,20000,320000,2,32,0.3155
16,5,4,c,1,400000000,6400000000,20000,320000,8,8,0.3405
16,5,4,c,2,400000000,6400000000,20000,320000,8,8,0.36
16,5,5,o,1,400000000,6400000000,14142,452549,1,64,0.307
16,5,5,c,1,400000000,6400000000,14142,452549,8,8,0.343
16,5,5,c,2,400000000,6400000000,14142,452549,8,8,0.3785
16,5,6,o,1,400000000,6400000000,10000,640000,1,64,0.304
16,5,6,c,1,400000000,6400000000,10000,640000,8,8,0.349
16,5,6,c,2,400000000,6400000000,10000,640000,8,8,0.406
16,5,7,o,1,400000000,6400000000,7071,905097,1,64,0.302
16,5,7,c,1,400000000,6400000000,7071,905097,8,8,0.3605
16,5,7,c,2,400000000,6400000000,7071,905097,8,8,0.445
16,5,8,o,1,400000000,6400000000,5000,1280000,1,64,0.303
16,5,8,c,1,400000000,6400000000,5000,1280000,8,8,0.373
16,5,8,c,2,400000000,6400000000,5000,1280000,8,8,0.495
16,5,9,o,1,400000000,6400000000,3535,1810194,1,64,0.3015
16,5,9,c,1,400000000,6400000000,3535,1810194,8,8,0.4
16,5,9,c,2,400000000,6400000000,3535,1810194,8,8,0.571
32,0,0,o,1,1000000,32000000,5656,5657,8,16,0.117
32,0,0,o,2,1000000,32000000,5656,5657,8,16,0.112
32,0,0,c,1,1000000,32000000,5656,5657,16,8,0.122
32,0,0,c,2,1000000,32000000,5656,5657,16,8,0.1135
32,0,1,o,1,1000000,32000000,4000,8000,8,16,0.117
32,0,1,o,2,1000000,32000000,4000,8000,8,16,0.112
32,0,1,c,1,1000000,32000000,4000,8000,16,8,0.122
32,0,1,c,2,1000000,32000000,4000,8000,16,8,0.1135
32,0,2,o,1,1000000,32000000,2828,11314,4,32,0.111
32,0,2,o,2,1000000,32000000,2828,11314,4,32,0.101
32,0,2,c,1,1000000,32000000,2828,11314,16,8,0.122
32,0,2,c,2,1000000,32000000,2828,11314,16,8,0.1135
32,0,3,o,1,1000000,32000000,2000,16000,4,32,0.111
32,0,3,o,2,1000000,32000000,2000,16000,4,32,0.101
32,0,3,c,1,1000000,32000000,2000,16000,16,8,0.122
32,0,3,c,2,1000000,32000000,2000,16000,16,8,0.113
32,0,4,o,1,1000000,32000000,1414,22628,2,64,0.089
32,0,4,c,1,1000000,32000000,1414,22628,16,8,0.122
32,0,4,c,2,1000000,32000000,1414,22628,16,8,0.113
32,0,5,o,1,1000000,32000000,1000,32000,2,64,0.09
32,0,5,c,1,1000000,32000000,1000,32000,16,8,0.121
32,0,5,c,2,1000000,32000000,1000,32000,16,8,0.113
32,0,6,o,1,1000000,32000000,707,45255,1,128,0.074
32,0,6,c,1,1000000,32000000,707,45255,16,8,0.122
32,0,6,c,2,1000000,32000000,707,45255,16,8,0.113
32,0,7,o,1,1000000,32000000,500,64000,1,128,0.074
32,0,7,c,1,1000000,32000000,500,64000,16,8,0.122
32,0,7,c,2,1000000,32000000,500,64000,16,8,0.113
32,0,8,o,1,1000000,32000000,353,90510,1,128,0.074
32,0,8,c,1,1000000,32000000,353,90510,16,8,0.122
32,0,8,c,2,1000000,32000000,353,90510,16,8,0.113
32,0,9,o,1,1000000,32000000,250,128000,1,128,0.074
32,0,9,c,1,1000000,32000000,250,128000,16,8,0.122
32,0,9,c,2,1000000,32000000,250,128000,16,8,0.1135
32,1,0,o,1,25000000,800000000,28284,28285,8,16,0.113
32,1,0,o,2,25000000,800000000,28284,28285,8,16,0.1105
32,1,0,c,1,25000000,800000000,28284,28285,16,8,0.119
32,1,0,c,2,25000000,800000000,28284,28285,16,8,0.114
32,1,1,o,1,25000000,800000000,20000,40000,8,16,0.113
32,1,1,o,2,25000000,800000000,20000,40000,8,16,0.11
32,1,1,c,1,25000000,800000000,20000,40000,16,8,0.118
32,1,1,c,2,25000000,800000000,20000,40000,16,8,0.114
32,1,2,o,1,25000000,800000000,14142,56569,4,32,0.107
32,1,2,o,2,25000000,800000000,14142,56569,4,32,0.097
32,1,2,c,1,25000000,800000000,14142,56569,16,8,0.118
32,1,2,c,2,25000000,800000000,14142,56569,16,8,0.114
32,1,3,o,1,25000000,800000000,10000,80000,4,32,0.107
32,1,3,o,2,25000000,800000000,10000,80000,4,32,0.097
32,1,3,c,1,25000000,800000000,10000,80000,16,8,0.118
32,1,3,c,2,25000000,800000000,10000,80000,16,8,0.1135
32,1,4,o,1,25000000,800000000,7071,113138,2,64,0.085
32,1,4,c,1,25000000,800000000,7071,113138,16,8,0.118
32,1,4,c,2,25000000,800000000,7071,113138,16,8,0.114
32,1,5,o,1,25000000,800000000,5000,160000,2,64,0.0845
32,1,5,c,1,25000000,800000000,5000,160000,16,8,0.118
32,1,5,c,2,25000000,800000000,5000,160000,16,8,0.114
32,1,6,o,1,25000000,800000000,3535,226275,1,128,0.07
32,1,6,c,1,25000000,800000000,3535,226275,16,8,0.117
32,1,6,c,2,25000000,800000000,3535,226275,16,8,0.113
32,1,7,o,1,25000000,800000000,2500,320000,1,128,0.07
32,1,7,c,1,25000000,800000000,2500,320000,16,8,0.119
32,1,7,c,2,25000000,800000000,2500,320000,16,8,0.1205
32,1,8,o,1,25000000,800000000,1767,452549,1,128,0.07
32,1,8,c,1,25000000,800000000,1767,452549,16,8,0.12
32,1,8,c,2,25000000,800000000,1767,452549,16,8,0.143
32,1,9,o,1,25000000,800000000,1250,640000,1,128,0.07
32,1,9,c,1,25000000,800000000,1250,640000,16,8,0.126
32,1,9,c,2,25000000,800000000,1250,640000,16,8,0.174
32,2,0,o,1,100000000,3200000000,56568,56569,8,16,0.1435
32,2,0,o,2,100000000,3200000000,56568,56569,8,16,0.136
32,2,0,c,1,100000000,3200000000,56568,56569,16,8,0.146
32,2,0,c,2,100000000,3200000000,56568,56569,16,8,0.1365
32,2,1,o,1,100000000,3200000000,40000,80000,8,16,0.142
32,2,1,o,2,100000000,3200000000,40000,80000,8,16,0.136
32,2,1,c,1,100000000,3200000000,40000,80000,16,8,0.145
32,2,1,c,2,100000000,3200000000,40000,80000,16,8,0.137
32,2,2,o,1,100000000,3200000000,28284,113138,4,32,0.138
32,2,2,o,2,100000000,3200000000,28284,113138,4,32,0.13
32,2,2,c,1,100000000,3200000000,28284,113138,16,8,0.146
32,2,2,c,2,100000000,3200000000,28284,113138,16,8,0.141
32,2,3,o,1,100000000,3200000000,20000,160000,4,32,0.137
32,2,3,o,2,100000000,3200000000,20000,160000,4,32,0.129
32,2,3,c,1,100000000,3200000000,20000,160000,16,8,0.146
32,2,3,c,2,100000000,3200000000,20000,160000,16,8,0.145
32,2,4,o,1,100000000,3200000000,14142,226275,2,64,0.129
32,2,4,c,1,100000000,3200000000,14142,226275,16,8,0.148
32,2,4,c,2,100000000,3200000000,14142,226275,16,8,0.154
32,2,5,o,1,100000000,3200000000,10000,320000,2,64,0.128
32,2,5,c,1,100000000,3200000000,10000,320000,16,8,0.153
32,2,5,c,2,100000000,3200000000,10000,320000,16,8,0.168
32,2,6,o,1,100000000,3200000000,7071,452549,1,128,0.118
32,2,6,c,1,100000000,3200000000,7071,452549,16,8,0.162
32,2,6,c,2,100000000,3200000000,7071,452549,16,8,0.195
32,2,7,o,1,100000000,3200000000,5000,640000,1,128,0.117
32,2,7,c,1,100000000,3200000000,5000,640000,16,8,0.177
32,2,7,c,2,100000000,3200000000,5000,640000,16,8,0.223
32,2,8,o,1,100000000,3200000000,3535,905097,1,128,0.1165
32,2,8,c,1,100000000,3200000000,3535,905097,16,8,0.1985
32,2,8,c,2,100000000,3200000000,3535,905097,16,8,0.264
32,2,9,o,1,100000000,3200000000,2500,1280000,1,128,0.117
32,2,9,c,1,100000000,3200000000,2500,1280000,16,8,0.2335
32,2,9,c,2,100000000,3200000000,2500,1280000,16,8,0.3185
32,3,0,o,1,200000000,6400000000,80000,80000,8,16,0.2555
32,3,0,o,2,200000000,6400000000,80000,80000,8,16,0.253
32,3,0,c,1,200000000,6400000000,80000,80000,16,8,0.2545
32,3,0,c,2,200000000,6400000000,80000,80000,16,8,0.2535
32,3,1,o,1,200000000,6400000000,56568,113138,8,16,0.256
32,3,1,o,2,200000000,6400000000,56568,113138,8,16,0.2525
32,3,1,c,1,200000000,6400000000,56568,113138,16,8,0.2545
32,3,1,c,2,200000000,6400000000,56568,113138,16,8,0.252
32,3,2,o,1,200000000,6400000000,40000,160000,4,32,0.254
32,3,2,o,2,200000000,6400000000,40000,160000,4,32,0.254
32,3,2,c,1,200000000,6400000000,40000,160000,16,8,0.2555
32,3,2,c,2,200000000,6400000000,40000,160000,16,8,0.2545
32,3,3,o,1,200000000,6400000000,28284,226275,4,32,0.2555
32,3,3,o,2,200000000,6400000000,28284,226275,4,32,0.252
32,3,3,c,1,200000000,6400000000,28284,226275,16,8,0.2535
32,3,3,c,2,200000000,6400000000,28284,226275,16,8,0.256
32,3,4,o,1,200000000,6400000000,20000,320000,2,64,0.253
32,3,4,c,1,200000000,6400000000,20000,320000,16,8,0.256
32,3,4,c,2,200000000,6400000000,20000,320000,16,8,0.2625
32,3,5,o,1,200000000,6400000000,14142,452549,2,64,0.253
32,3,5,c,1,200000000,6400000000,14142,452549,16,8,0.258
32,3,5,c,2,200000000,6400000000,14142,452549,16,8,0.2735
32,3,6,o,1,200000000,6400000000,10000,640000,1,128,0.249
32,3,6,c,1,200000000,6400000000,10000,640000,16,8,0.265
32,3,6,c,2,200000000,6400000000,10000,640000,16,8,0.2965
32,3,7,o,1,200000000,6400000000,7071,905097,1,128,0.25
32,3,7,c,1,200000000,6400000000,7071,905097,16,8,0.28
32,3,7,c,2,200000000,6400000000,7071,905097,16,8,0.334
32,3,8,o,1,200000000,6400000000,5000,1280000,1,128,0.251
32,3,8,c,1,200000000,6400000000,5000,1280000,16,8,0.305
32,3,8,c,2,200000000,6400000000,5000,1280000,16,8,0.3875
32,3,9,o,1,200000000,6400000000,3535,1810194,1,128,0.252
32,3,9,c,1,200000000,6400000000,3535,1810194,16,8,0.34
32,3,9,c,2,200000000,6400000000,3535,1810194,16,8,0.468
32,4,0,o,1,300000000,9600000000,97979,97980,8,16,0.2885
32,4,0,o,2,300000000,9600000000,97979,97980,8,16,0.281
32,4,0,c,1,300000000,9600000000,97979,97980,16,8,0.283
32,4,0,c,2,300000000,9600000000,97979,97980,16,8,0.276
32,4,1,o,1,300000000,9600000000,69282,138565,8,16,0.2805
32,4,1,o,2,300000000,9600000000,69282,138565,8,16,0.2755
32,4,1,c,1,300000000,9600000000,69282,138565,16,8,0.283
32,4,1,c,2,300000000,9600000000,69282,138565,16,8,0.284
32,4,2,o,1,300000000,9600000000,48989,195960,4,32,0.2795
32,4,2,o,2,300000000,9600000000,48989,195960,4,32,0.271
32,4,2,c,1,300000000,9600000000,48989,195960,16,8,0.284
32,4,2,c,2,300000000,9600000000,48989,195960,16,8,0.29
32,4,3,o,1,300000000,9600000000,34641,277129,4,32,0.276
32,4,3,o,2,300000000,9600000000,34641,277129,4,32,0.269
32,4,3,c,1,300000000,9600000000,34641,277129,16,8,0.289
32,4,3,c,2,300000000,9600000000,34641,277129,16,8,0.3015
32,4,4,o,1,300000000,9600000000,24494,391919,2,64,0.2615
32,4,4,c,1,300000000,9600000000,24494,391919,16,8,0.293
32,4,4,c,2,300000000,9600000000,24494,391919,16,8,0.314
32,4,5,o,1,300000000,9600000000,17320,554257,2,64,0.259
32,4,5,c,1,300000000,9600000000,17320,554257,16,8,0.305
32,4,5,c,2,300000000,9600000000,17320,554257,16,8,0.339
32,4,6,o,1,300000000,9600000000,12247,783837,1,128,0.246
32,4,6,c,1,300000000,9600000000,12247,783837,16,8,0.3235
32,4,6,c,2,300000000,9600000000,12247,783837,16,8,0.375
32,4,7,o,1,300000000,9600000000,8660,1108513,1,128,0.246
32,4,7,c,1,300000000,9600000000,8660,1108513,16,8,0.351
32,4,7,c,2,300000000,9600000000,8660,1108513,16,8,0.4235
32,4,8,o,1,300000000,9600000000,6123,1567674,1,128,0.243
32,4,8,c,1,300000000,9600000000,6123,1567674,16,8,0.3845
32,4,8,c,2,300000000,9600000000,6123,1567674,16,8,0.495
32,4,9,o,1,300000000,9600000000,4330,2217026,1,128,0.243
32,4,9,c,1,300000000,9600000000,4330,2217026,16,8,0.4355
32,4,9,c,2,300000000,9600000000,4330,2217026,16,8,0.594
32,5,0,o,1,400000000,12800000000,113137,113138,8,16,0.355
32,5,0,o,2,400000000,12800000000,113137,113138,8,16,0.344
32,5,0,c,1,400000000,12800000000,113137,113138,16,8,0.349
32,5,0,c,2,400000000,12800000000,113137,113138,16,8,0.345
32,5,1,o,1,400000000,12800000000,80000,160000,8,16,0.3485
32,5,1,o,2,400000000,12800000000,80000,160000,8,16,0.343
32,5,1,c,1,400000000,12800000000,80000,160000,16,8,0.351
32,5,1,c,2,400000000,12800000000,80000,160000,16,8,0.35
32,5,2,o,1,400000000,12800000000,56568,226275,4,32,0.35
32,5,2,o,2,400000000,12800000000,56568,226275,4,32,0.338
32,5,2,c,1,400000000,12800000000,56568,226275,16,8,0.353
32,5,2,c,2,400000000,12800000000,56568,226275,16,8,0.358
32,5,3,o,1,400000000,12800000000,40000,320000,4,32,0.343
32,5,3,o,2,400000000,12800000000,40000,320000,4,32,0.334
32,5,3,c,1,400000000,12800000000,40000,320000,16,8,0.3575
32,5,3,c,2,400000000,12800000000,40000,320000,16,8,0.37
32,5,4,o,1,400000000,12800000000,28284,452549,2,64,0.3265
32,5,4,c,1,400000000,12800000000,28284,452549,16,8,0.364
32,5,4,c,2,400000000,12800000000,28284,452549,16,8,0.39
32,5,5,o,1,400000000,12800000000,20000,640000,2,64,0.321
32,5,5,c,1,400000000,12800000000,20000,640000,16,8,0.377
32,5,5,c,2,400000000,12800000000,20000,640000,16,8,0.418
32,5,6,o,1,400000000,12800000000,14142,905097,1,128,0.314
32,5,6,c,1,400000000,12800000000,14142,905097,16,8,0.397
32,5,6,c,2,400000000,12800000000,14142,905097,16,8,0.459
32,5,7,o,1,400000000,12800000000,10000,1280000,1,128,0.308
32,5,7,c,1,400000000,12800000000,10000,1280000,16,8,0.4255
32,5,7,c,2,400000000,12800000000,10000,1280000,16,8,0.5145
32,5,8,o,1,400000000,12800000000,7071,1810194,1,128,0.307
32,5,8,c,1,400000000,12800000000,7071,1810194,16,8,0.467
32,5,8,c,2,400000000,12800000000,7071,1810194,16,8,0.599
32,5,9,o,1,400000000,12800000000,5000,2560000,1,128,0.309
32,5,9,c,1,400000000,12800000000,5000,2560000,16,8,0.529
32,5,9,c,2,400000000,12800000000,5000,2560000,16,8,0.715
64,0,0,o,1,1000000,64000000,8000,8000,16,16,0.15
64,0,0,o,2,1000000,64000000,8000,8000,16,16,0.1385
64,0,0,c,1,1000000,64000000,8000,8000,16,16,0.152
64,0,0,c,2,1000000,64000000,8000,8000,16,16,0.1385
64,0,1,o,1,1000000,64000000,5656,11314,8,32,0.145
64,0,1,o,2,1000000,64000000,5656,11314,8,32,0.1395
64,0,1,c,1,1000000,64000000,5656,11314,16,16,0.1525
64,0,1,c,2,1000000,64000000,5656,11314,16,16,0.14
64,0,2,o,1,1000000,64000000,4000,16000,8,32,0.144
64,0,2,o,2,1000000,64000000,4000,16000,8,32,0.14100000000000001
64,0,2,c,1,1000000,64000000,4000,16000,16,16,0.149
64,0,2,c,2,1000000,64000000,4000,16000,16,16,0.1415
64,0,3,o,1,1000000,64000000,2828,22628,4,64,0.138
64,0,3,o,2,1000000,64000000,2828,22628,4,64,0.1265
64,0,3,c,1,1000000,64000000,2828,22628,16,16,0.1495
64,0,3,c,2,1000000,64000000,2828,22628,16,16,0.139
64,0,4,o,1,1000000,64000000,2000,32000,4,64,0.1385
64,0,4,o,2,1000000,64000000,2000,32000,4,64,0.127
64,0,4,c,1,1000000,64000000,2000,32000,16,16,0.15
64,0,4,c,2,1000000,64000000,2000,32000,16,16,0.139
64,0,5,o,1,1000000,64000000,1414,45255,2,128,0.115
64,0,5,c,1,1000000,64000000,1414,45255,16,16,0.147
64,0,5,c,2,1000000,64000000,1414,45255,16,16,0.138
64,0,6,o,1,1000000,64000000,1000,64000,2,128,0.1155
64,0,6,c,1,1000000,64000000,1000,64000,16,16,0.1485
64,0,6,c,2,1000000,64000000,1000,64000,16,16,0.1395
64,0,7,o,1,1000000,64000000,707,90510,1,256,0.109
64,0,7,c,1,1000000,64000000,707,90510,16,16,0.15
64,0,7,c,2,1000000,64000000,707,90510,16,16,0.138
64,0,8,o,1,1000000,64000000,500,128000,1,256,0.112
64,0,8,c,1,1000000,64000000,500,128000,16,16,0.148
64,0,8,c,2,1000000,64000000,500,128000,16,16,0.139
64,0,9,o,1,1000000,64000000,353,181020,1,256,0.1025
64,0,9,c,1,1000000,64000000,353,181020,16,16,0.1505
64,0,9,c,2,1000000,64000000,353,181020,16,16,0.137
64,1,0,o,1,25000000,1600000000,40000,40000,16,16,0.144
64,1,0,o,2,25000000,1600000000,40000,40000,16,16,0.1385
64,1,0,c,1,25000000,1600000000,40000,40000,16,16,0.1425
64,1,0,c,2,25000000,1600000000,40000,40000,16,16,0.1355
64,1,1,o,1,25000000,1600000000,28284,56569,8,32,0.139
64,1,1,o,2,25000000,1600000000,28284,56569,8,32,0.134
64,1,1,c,1,25000000,1600000000,28284,56569,16,16,0.14
64,1,1,c,2,25000000,1600000000,28284,56569,16,16,0.1355
64,1,2,o,1,25000000,1600000000,20000,80000,8,32,0.139
64,1,2,o,2,25000000,1600000000,20000,80000,8,32,0.1345
64,1,2,c,1,25000000,1600000000,20000,80000,16,16,0.143
64,1,2,c,2,25000000,1600000000,20000,80000,16,16,0.136
64,1,3,o,1,25000000,1600000000,14142,113138,4,64,0.133
64,1,3,o,2,25000000,1600000000,14142,113138,4,64,0.121
64,1,3,c,1,25000000,1600000000,14142,113138,16,16,0.142
64,1,3,c,2,25000000,1600000000,14142,113138,16,16,0.137
64,1,4,o,1,25000000,1600000000,10000,160000,4,64,0.1315
64,1,4,o,2,25000000,1600000000,10000,160000,4,64,0.121
64,1,4,c,1,25000000,1600000000,10000,160000,16,16,0.143
64,1,4,c,2,25000000,1600000000,10000,160000,16,16,0.136
64,1,5,o,1,25000000,1600000000,7071,226275,2,128,0.11
64,1,5,c,1,25000000,1600000000,7071,226275,16,16,0.143
64,1,5,c,2,25000000,1600000000,7071,226275,16,16,0.135
64,1,6,o,1,25000000,1600000000,5000,320000,2,128,0.1115
64,1,6,c,1,25000000,1600000000,5000,320000,16,16,0.142
64,1,6,c,2,25000000,1600000000,5000,320000,16,16,0.137
64,1,7,o,1,25000000,1600000000,3535,452549,1,256,0.098
64,1,7,c,1,25000000,1600000000,3535,452549,16,16,0.143
64,1,7,c,2,25000000,1600000000,3535,452549,16,16,0.1355
64,1,8,o,1,25000000,1600000000,2500,640000,1,256,0.0965
64,1,8,c,1,25000000,1600000000,2500,640000,16,16,0.143
64,2,0,o,1,100000000,6400000000,80000,80000,16,16,0.1565
64,2,0,o,2,100000000,6400000000,80000,80000,16,16,0.15
64,2,0,c,1,100000000,6400000000,80000,80000,16,16,0.158
64,2,0,c,2,100000000,6400000000,80000,80000,16,16,0.148
64,2,1,o,1,100000000,6400000000,56568,113138,8,32,0.161
64,2,1,o,2,100000000,6400000000,56568,113138,8,32,0.148
64,2,1,c,1,100000000,6400000000,56568,113138,16,16,0.1565
64,2,1,c,2,100000000,6400000000,56568,113138,16,16,0.15
64,2,2,o,1,100000000,6400000000,40000,160000,8,32,0.159
64,2,2,o,2,100000000,6400000000,40000,160000,8,32,0.148
64,2,2,c,1,100000000,6400000000,40000,160000,16,16,0.158
64,2,2,c,2,100000000,6400000000,40000,160000,16,16,0.1495
64,2,3,o,1,100000000,6400000000,28284,226275,4,64,0.154
64,2,3,o,2,100000000,6400000000,28284,226275,4,64,0.144
64,2,3,c,1,100000000,6400000000,28284,226275,16,16,0.1545
64,2,3,c,2,100000000,6400000000,28284,226275,16,16,0.154
64,3,0,o,1,200000000,12800000000,113137,113138,16,16,0.263
64,3,0,o,2,200000000,12800000000,113137,113138,16,16,0.261
64,3,0,c,1,200000000,12800000000,113137,113138,16,16,0.2645
64,3,0,c,2,200000000,12800000000,113137,113138,16,16,0.2605
64,3,1,o,1,200000000,12800000000,80000,160000,8,32,0.265
64,3,1,o,2,200000000,12800000000,80000,160000,8,32,0.259
64,3,1,c,1,200000000,12800000000,80000,160000,16,16,0.264
64,3,1,c,2,200000000,12800000000,80000,160000,16,16,0.261
64,3,2,o,1,200000000,12800000000,56568,226275,8,32,0.264
64,3,2,o,2,200000000,12800000000,56568,226275,8,32,0.256
64,3,2,c,1,200000000,12800000000,56568,226275,16,16,0.262
64,3,2,c,2,200000000,12800000000,56568,226275,16,16,0.2635
64,3,3,o,1,200000000,12800000000,40000,320000,4,64,0.261
64,3,3,o,2,200000000,12800000000,40000,320000,4,64,0.261
64,4,0,o,1,300000000,19200000000,138564,138565,16,16,0.309
64,4,0,o,2,300000000,19200000000,138564,138565,16,16,0.296
64,4,0,c,1,300000000,19200000000,138564,138565,16,16,0.3065
64,4,0,c,2,300000000,19200000000,138564,138565,16,16,0.299
64,4,1,o,1,300000000,19200000000,97979,195960,8,32,0.31
64,4,1,o,2,300000000,19200000000,97979,195960,8,32,0.301
64,4,1,c,1,300000000,19200000000,97979,195960,16,16,0.306
64,4,1,c,2,300000000,19200000000,97979,195960,16,16,0.2975
64,4,2,o,1,300000000,19200000000,69282,277129,8,32,0.3055
64,4,2,o,2,300000000,19200000000,69282,277129,8,32,0.2975
64,4,2,c,1,300000000,19200000000,69282,277129,16,16,0.307
64,4,2,c,2,300000000,19200000000,69282,277129,16,16,0.302
